<?xml version="1.0" encoding="UTF-8"?>
<project-private xmlns="http://www.netbeans.org/ns/project-private/1">
    <editor-bookmarks xmlns="http://www.netbeans.org/ns/editor-bookmarks/2" lastBookmarkId="0"/>
    <open-files xmlns="http://www.netbeans.org/ns/projectui-open-files/2">
        <group>
            <file>file:/C:/Users/SAMSUNG/Documents/NetBeansProjects/Exercicio01_20222/public_html/index.html</file>
            <file>file:/C:/Users/SAMSUNG/Documents/NetBeansProjects/Exercicio01_20222/gulpfile.js</file>
            <file>file:/C:/Users/SAMSUNG/Documents/NetBeansProjects/Exercicio01_20222/Gruntfile.js</file>
            <file>file:/C:/Users/SAMSUNG/Documents/NetBeansProjects/Exercicio01_20222/public_html/segunda.html</file>
            <file>file:/C:/Users/SAMSUNG/Documents/NetBeansProjects/Exercicio01_20222/package.json</file>
            <file>file:/C:/Users/SAMSUNG/Documents/NetBeansProjects/Exercicio01_20222/bower.json</file>
            <file>file:/C:/Users/SAMSUNG/Documents/NetBeansProjects/Exercicio01_20222/.bowerrc</file>
        </group>
    </open-files>
</project-private>
