<?xml version="1.0" encoding="UTF-8"?>
<project-private xmlns="http://www.netbeans.org/ns/project-private/1">
    <editor-bookmarks xmlns="http://www.netbeans.org/ns/editor-bookmarks/2" lastBookmarkId="0"/>
    <open-files xmlns="http://www.netbeans.org/ns/projectui-open-files/2">
        <group>
            <file>file:/D:/Gleison/Aulas/ProgramaçãoIII/Turma_2022/2022_2/AvaliacaoI/Exercicio07_20222/web/index.jsp</file>
            <file>file:/D:/Gleison/Aulas/ProgramaçãoIII/Turma_2022/2022_2/AvaliacaoI/Exercicio07_20222/src/java/br/edu/ifrs/controle/ClienteServlet.java</file>
            <file>file:/D:/Gleison/Aulas/ProgramaçãoIII/Turma_2022/2022_2/AvaliacaoI/Exercicio07_20222/src/java/br/edu/ifrs/controle/ClienteListarServlet.java</file>
            <file>file:/D:/Gleison/Aulas/ProgramaçãoIII/Turma_2022/2022_2/AvaliacaoI/Exercicio07_20222/web/listaclientes.jsp</file>
            <file>file:/D:/Gleison/Aulas/ProgramaçãoIII/Turma_2022/2022_2/AvaliacaoI/Exercicio07_20222/src/java/br/edu/ifrs/modelo/Cliente.java</file>
        </group>
    </open-files>
</project-private>
